name,device_type,browser,sex,age,bill,region
Allen  Miss. Elisabeth Walton,mobile,Chrome,female,29,885,St Louis: MO
Allison  Master. Hudson Trevor,tablet,Opera,male,48,850,Montreal: PQ / Chesterville: ON
Allison  Miss. Helen Loraine,laptop,Firefox,female,48,1034,Montreal: PQ / Chesterville: ON
Allison  Mr. Hudson Joshua Creighton,desktop,Internet Explorer,male,30,214,Montreal: PQ / Chesterville: ON
Allison  Mrs. Hudson J C (Bessie Waldo Daniels),laptop,Firefox,female,25,993,Montreal: PQ / Chesterville: ON
Anderson  Mr. Harry,mobile,Firefox,male,48,371,New York: NY
Andrews  Miss. Kornelia Theodosia,mobile,Chrome,female,63,1126,Hudson: NY
Andrews  Mr. Thomas Jr,tablet,Internet Explorer,male,39,867,Belfast: NI
Appleton  Mrs. Edward Dale (Charlotte Lamson),desktop,Chrome,female,53,552,Bayside: Queens: NY
Artagaveytia  Mr. Ramon,mobile,Firefox,male,71,926,Montevideo: Uruguay
Astor  Col. John Jacob,desktop,Chrome,male,47,100,New York: NY
Astor  Mrs. John Jacob (Madeleine Talmadge Force),laptop,Opera,female,48,254,New York: NY
Aubart  Mme. Leontine Pauline,tablet,Firefox,female,24,587,Paris: France
"Barber  Miss. Ellen ""Nellie""",mobile,Firefox,female,26,1009,-
Barkworth  Mr. Algernon Henry Wilson,laptop,Chrome,male,80,723,Hessle: Yorks
Baumann  Mr. John D,tablet,Opera,male,48,185,New York: NY
Baxter  Mr. Quigg Edmond,laptop,Chrome,male,24,427,Montreal: PQ
Baxter  Mrs. James (Helene DeLaudeniere Chaput),mobile,Firefox,female,50,950,Montreal: PQ
Bazzani  Miss. Albina,mobile,Chrome,female,32,1059,-
Beattie  Mr. Thomson,mobile,Chrome,male,36,278,Winnipeg: MN
Beckwith  Mr. Richard Leonard,desktop,Firefox,male,37,820,New York: NY
Beckwith  Mrs. Richard Leonard (Sallie Monypeny),mobile,Opera,female,47,472,New York: NY
Behr  Mr. Karl Howell,desktop,Opera,male,26,1252,New York: NY
Bidois  Miss. Rosalie,laptop,Firefox,female,42,1317,-
Bird  Miss. Ellen,laptop,Firefox,female,29,392,-
Birnbaum  Mr. Jakob,tablet,Chrome,male,25,997,San Francisco: CA
Bishop  Mr. Dickinson H,mobile,Firefox,male,25,950,Dowagiac: MI
Bishop  Mrs. Dickinson H (Helen Walton),desktop,Opera,female,19,967,Dowagiac: MI
Bissette  Miss. Amelia,desktop,Chrome,female,35,1025,-
Bjornstrom-Steffansson  Mr. Mauritz Hakan,desktop,Internet Explorer,male,28,201,Stockholm: Sweden / Washington: DC
Blackwell  Mr. Stephen Weart,mobile,Chrome,male,45,735,Trenton: NJ
Blank  Mr. Henry,tablet,Internet Explorer,male,40,149,Glen Ridge: NJ
Bonnell  Miss. Caroline,mobile,Chrome,female,30,371,Youngstown: OH
Bonnell  Miss. Elizabeth,laptop,Firefox,female,58,784,Birkdale: England Cleveland: Ohio
Borebank  Mr. John James,desktop,Chrome,male,42,1253,London / Winnipeg: MB
Bowen  Miss. Grace Scott,tablet,Internet Explorer,female,45,913,Cooperstown: NY
Bowerman  Miss. Elsie Edith,laptop,Opera,female,22,882,St Leonards-on-Sea: England Ohio
"Bradley  Mr. George (""George Arthur Brayton"")",mobile,Chrome,male,48,40,Los Angeles: CA
Brady  Mr. John Bertram,mobile,Chrome,male,41,658,Pomeroy: WA
Brandeis  Mr. Emil,mobile,Chrome,male,48,260,Omaha: NE
Brewe  Dr. Arthur Jackson,mobile,Internet Explorer,male,48,1172,Philadelphia: PA
Brown  Mrs. James Joseph (Margaret Tobin),mobile,Firefox,female,44,374,Denver: CO
Brown  Mrs. John Murray (Caroline Lane Lamson),mobile,Chrome,female,59,1410,Belmont: MA
Bucknell  Mrs. William Robert (Emma Eliza Ward),tablet,Opera,female,60,504,Philadelphia: PA
Burns  Miss. Elizabeth Margaret,tablet,Internet Explorer,female,41,564,-
Butt  Major. Archibald Willingham,laptop,Opera,male,45,121,Washington: DC
Cairns  Mr. Alexander,laptop,Internet Explorer,male,48,1007,-
Calderhead  Mr. Edward Pennington,tablet,Chrome,male,42,220,New York: NY
Candee  Mrs. Edward (Helen Churchill Hungerford),mobile,Internet Explorer,female,53,329,Washington: DC
Cardeza  Mr. Thomas Drake Martinez,mobile,Chrome,male,36,449,Austria-Hungary / Germantown: Philadelphia: PA
Cardeza  Mrs. James Warburton Martinez (Charlotte Wardle Drake),tablet,Firefox,female,58,500,Germantown: Philadelphia: PA
Carlsson  Mr. Frans Olof,mobile,Firefox,male,33,1057,New York: NY
Carrau  Mr. Francisco M,desktop,Chrome,male,28,1365,Montevideo: Uruguay
Carrau  Mr. Jose Pedro,tablet,Firefox,male,17,829,Montevideo: Uruguay
Carter  Master. William Thornton II,desktop,Internet Explorer,male,11,1392,Bryn Mawr: PA
Carter  Miss. Lucile Polk,laptop,Chrome,female,14,557,Bryn Mawr: PA
Carter  Mr. William Ernest,laptop,Chrome,male,36,87,Bryn Mawr: PA
Carter  Mrs. William Ernest (Lucile Polk),laptop,Firefox,female,36,665,Bryn Mawr: PA
Case  Mr. Howard Brown,desktop,Firefox,male,49,1034,Ascot: Berkshire / Rochester: NY
Cassebeer  Mrs. Henry Arthur Jr (Eleanor Genevieve Fosdick),laptop,Internet Explorer,female,36,1282,New York: NY
Cavendish  Mr. Tyrell William,mobile,Firefox,male,36,1496,Little Onn Hall: Staffs
Cavendish  Mrs. Tyrell William (Julia Florence Siegel),tablet,Internet Explorer,female,76,1332,Little Onn Hall: Staffs
Chaffee  Mr. Herbert Fuller,mobile,Chrome,male,46,1330,Amenia: ND
Chaffee  Mrs. Herbert Fuller (Carrie Constance Toogood),mobile,Firefox,female,47,1044,Amenia: ND
Chambers  Mr. Norman Campbell,laptop,Opera,male,27,1120,New York: NY / Ithaca: NY
Chambers  Mrs. Norman Campbell (Bertha Griggs),tablet,Chrome,female,33,242,New York: NY / Ithaca: NY
Chaudanson  Miss. Victorine,desktop,Chrome,female,36,1210,-
Cherry  Miss. Gladys,desktop,Chrome,female,30,1424,London: England
Chevre  Mr. Paul Romaine,tablet,Firefox,male,45,305,Paris: France
Chibnall  Mrs. (Edith Martha Bowerman),desktop,Chrome,female,36,496,St Leonards-on-Sea: England Ohio
Chisholm  Mr. Roderick Robert Crispin,tablet,Internet Explorer,male,36,60,Liverpool: England / Belfast
Clark  Mr. Walter Miller,desktop,Chrome,male,27,1338,Los Angeles: CA
Clark  Mrs. Walter Miller (Virginia McDowell),tablet,Internet Explorer,female,26,1192,Los Angeles: CA
Cleaver  Miss. Alice,laptop,Firefox,female,22,1337,-
Clifford  Mr. George Quincy,mobile,Chrome,male,36,57,Stoughton: MA
Colley  Mr. Edward Pomeroy,mobile,Internet Explorer,male,47,1074,Victoria: BC
Compton  Miss. Sara Rebecca,laptop,Firefox,female,39,366,Lakewood: NJ
Compton  Mr. Alexander Taylor Jr,tablet,Firefox,male,37,1168,Lakewood: NJ
Compton  Mrs. Alexander Taylor (Mary Eliza Ingersoll),tablet,Opera,female,64,698,Lakewood: NJ
Cornell  Mrs. Robert Clifford (Malvina Helen Lamson),mobile,Firefox,female,55,1169,New York: NY
Crafton  Mr. John Bertram,desktop,Firefox,male,36,1407,Roachdale: IN
Crosby  Capt. Edward Gifford,desktop,Chrome,male,70,707,Milwaukee: WI
Crosby  Miss. Harriet R,laptop,Opera,female,36,919,Milwaukee: WI
Crosby  Mrs. Edward Gifford (Catherine Elizabeth Halstead),desktop,Firefox,female,64,891,Milwaukee: WI
Cumings  Mr. John Bradley,desktop,Chrome,male,39,547,New York: NY
Cumings  Mrs. John Bradley (Florence Briggs Thayer),tablet,Opera,female,38,977,New York: NY
Daly  Mr. Peter Denis ,desktop,Chrome,male,51,58,Lima: Peru
Daniel  Mr. Robert Williams,tablet,Firefox,male,27,443,Philadelphia: PA
Daniels  Miss. Sarah,laptop,Internet Explorer,female,33,210,-
Davidson  Mr. Thornton,laptop,Firefox,male,31,1330,Montreal: PQ
Davidson  Mrs. Thornton (Orian Hays),mobile,Internet Explorer,female,27,392,Montreal: PQ
Dick  Mr. Albert Adrian,laptop,Firefox,male,31,793,Calgary: AB
Dick  Mrs. Albert Adrian (Vera Gillespie),tablet,Firefox,female,17,234,Calgary: AB
Dodge  Dr. Washington,tablet,Firefox,male,53,443,San Francisco: CA
Dodge  Master. Washington,tablet,Opera,male,36,1250,San Francisco: CA
Dodge  Mrs. Washington (Ruth Vidaver),desktop,Chrome,female,54,123,San Francisco: CA
Douglas  Mr. Walter Donald,laptop,Firefox,male,50,126,Deephaven: MN / Cedar Rapids: IA
Douglas  Mrs. Frederick Charles (Mary Helene Baxter),mobile,Firefox,female,27,624,Montreal: PQ
Douglas  Mrs. Walter Donald (Mahala Dutton),tablet,Internet Explorer,female,48,104,Deephaven: MN / Cedar Rapids: IA
"Duff Gordon  Lady. (Lucille Christiana Sutherland) (""Mrs Morgan"")",desktop,Firefox,female,48,1402,London / Paris
"Duff Gordon  Sir. Cosmo Edmund (""Mr Morgan"")",tablet,Chrome,male,49,597,London / Paris
Dulles  Mr. William Crothers,mobile,Internet Explorer,male,39,1144,Philadelphia: PA
Earnshaw  Mrs. Boulton (Olive Potter),desktop,Opera,female,23,789,Mt Airy: Philadelphia: PA
Endres  Miss. Caroline Louise,desktop,Firefox,female,38,1377,New York: NY
Eustis  Miss. Elizabeth Mussey,mobile,Firefox,female,54,60,Brookline: MA
Evans  Miss. Edith Corse,mobile,Opera,female,36,1395,New York: NY
Farthing  Mr. John,laptop,Opera,male,36,1279,-
Flegenheim  Mrs. Alfred (Antoinette),mobile,Firefox,female,36,654,New York: NY
Fleming  Miss. Margaret,tablet,Chrome,female,36,859,-
"Flynn  Mr. John Irwin (""Irving"")",mobile,Chrome,male,36,115,Brooklyn: NY
Foreman  Mr. Benjamin Laventall,laptop,Chrome,male,30,47,New York: NY
Fortune  Miss. Alice Elizabeth,mobile,Opera,female,24,1201,Winnipeg: MB
Fortune  Miss. Ethel Flora,tablet,Chrome,female,28,714,Winnipeg: MB
Fortune  Miss. Mabel Helen,desktop,Chrome,female,23,143,Winnipeg: MB
Fortune  Mr. Charles Alexander,desktop,Firefox,male,19,34,Winnipeg: MB
Fortune  Mr. Mark,desktop,Internet Explorer,male,64,1281,Winnipeg: MB
Fortune  Mrs. Mark (Mary McDougald),tablet,Internet Explorer,female,60,572,Winnipeg: MB
Francatelli  Miss. Laura Mabel,laptop,Internet Explorer,female,30,1185,-
Franklin  Mr. Thomas Parham,mobile,Opera,male,36,1349,Westcliff-on-Sea: Essex
Frauenthal  Dr. Henry William,tablet,Firefox,male,50,720,New York: NY
Frauenthal  Mr. Isaac Gerald,tablet,Firefox,male,43,972,New York: NY
Frauenthal  Mrs. Henry William (Clara Heinsheimer),laptop,Firefox,female,53,413,New York: NY
Frolicher  Miss. Hedwig Margaritha,mobile,Chrome,female,22,178,Zurich: Switzerland
Frolicher-Stehli  Mr. Maxmillian,mobile,Chrome,male,60,268,Zurich: Switzerland
Frolicher-Stehli  Mrs. Maxmillian (Margaretha Emerentia Stehli),desktop,Chrome,female,48,844,Zurich: Switzerland
Fry  Mr. Richard,desktop,Firefox,male,53,1455,-
Futrelle  Mr. Jacques Heath,laptop,Opera,male,37,1189,Scituate: MA
Futrelle  Mrs. Jacques Heath (Lily May Peel),desktop,Chrome,female,35,1390,Scituate: MA
Gee  Mr. Arthur H,tablet,Firefox,male,47,969,St Anne's-on-Sea: Lancashire
Geiger  Miss. Amalie,laptop,Internet Explorer,female,35,950,-
Gibson  Miss. Dorothy Winifred,tablet,Chrome,female,22,317,New York: NY
Gibson  Mrs. Leonard (Pauline C Boeson),desktop,Firefox,female,45,1204,New York: NY
Giglio  Mr. Victor,desktop,Chrome,male,24,337,-
Goldenberg  Mr. Samuel L,desktop,Chrome,male,49,684,Paris: France / New York: NY
Goldenberg  Mrs. Samuel L (Edwiga Grabowska),mobile,Firefox,female,53,395,Paris: France / New York: NY
Goldschmidt  Mr. George B,laptop,Opera,male,71,976,New York: NY
Gracie  Col. Archibald IV,tablet,Firefox,male,53,170,Washington: DC
Graham  Miss. Margaret Edith,desktop,Firefox,female,19,63,Greenwich: CT
Graham  Mr. George Edward,tablet,Chrome,male,38,340,Winnipeg: MB
Graham  Mrs. William Thompson (Edith Junkins),tablet,Chrome,female,58,46,Greenwich: CT
Greenfield  Mr. William Bertram,desktop,Internet Explorer,male,23,308,New York: NY
Greenfield  Mrs. Leo David (Blanche Strouse),desktop,Firefox,female,45,567,New York: NY
Guggenheim  Mr. Benjamin,mobile,Internet Explorer,male,46,822,New York: NY
Harder  Mr. George Achilles,laptop,Firefox,male,25,550,Brooklyn: NY
Harder  Mrs. George Achilles (Dorothy Annan),laptop,Firefox,female,25,1423,Brooklyn: NY
Harper  Mr. Henry Sleeper,desktop,Opera,male,48,917,New York: NY
Harper  Mrs. Henry Sleeper (Myna Haxtun),mobile,Chrome,female,49,84,New York: NY
Harrington  Mr. Charles H,laptop,Chrome,male,53,907,-
Harris  Mr. Henry Birkhardt,desktop,Internet Explorer,male,45,876,New York: NY
Harris  Mrs. Henry Birkhardt (Irene Wallach),laptop,Firefox,female,35,1254,New York: NY
Harrison  Mr. William,desktop,Internet Explorer,male,40,486,-
Hassab  Mr. Hammad,laptop,Opera,male,27,1360,-
Hawksford  Mr. Walter James,laptop,Opera,male,53,639,Kingston: Surrey
Hays  Miss. Margaret Bechstein,mobile,Firefox,female,24,589,New York: NY
Hays  Mr. Charles Melville,tablet,Firefox,male,55,1279,Montreal: PQ
Hays  Mrs. Charles Melville (Clara Jennings Gregg),desktop,Opera,female,52,144,Montreal: PQ
Head  Mr. Christopher,mobile,Firefox,male,42,452,London / Middlesex
Hilliard  Mr. Herbert Henry,tablet,Chrome,male,53,627,Brighton: MA
Hipkins  Mr. William Edward,desktop,Chrome,male,55,1178,London / Birmingham
Hippach  Miss. Jean Gertrude,desktop,Firefox,female,16,521,Chicago: IL
Hippach  Mrs. Louis Albert (Ida Sophia Fischer),desktop,Firefox,female,44,1425,Chicago: IL
Hogeboom  Mrs. John C (Anna Andrews),tablet,Chrome,female,51,405,Hudson: NY
Holverson  Mr. Alexander Oskar,laptop,Firefox,male,42,1087,New York: NY
Holverson  Mrs. Alexander Oskar (Mary Aline Towner),tablet,Chrome,female,35,308,New York: NY
"Homer  Mr. Harry (""Mr E Haven"")",tablet,Firefox,male,35,111,Indianapolis: IN
Hoyt  Mr. Frederick Maxfield,desktop,Firefox,male,38,1430,New York: NY /  Stamford CT
Hoyt  Mr. William Fisher,tablet,Chrome,male,53,1316,New York: NY
Hoyt  Mrs. Frederick Maxfield (Jane Anne Forby),laptop,Firefox,female,35,769,New York: NY /  Stamford CT
Icard  Miss. Amelie,desktop,Firefox,female,38,189,-
Isham  Miss. Ann Elizabeth,mobile,Chrome,female,50,48,Paris: France New York: NY
Ismay  Mr. Joseph Bruce,tablet,Chrome,male,49,119,Liverpool
Jones  Mr. Charles Cresson,tablet,Opera,male,46,1244,Bennington: VT
Julian  Mr. Henry Forbes,laptop,Firefox,male,50,285,London
Keeping  Mr. Edwin,mobile,Chrome,male,53,716,-
Kent  Mr. Edward Austin,desktop,Internet Explorer,male,58,701,Buffalo: NY
Kenyon  Mr. Frederick R,mobile,Firefox,male,41,900,Southington / Noank: CT
Kenyon  Mrs. Frederick R (Marion),desktop,Chrome,female,53,730,Southington / Noank: CT
Kimball  Mr. Edwin Nelson Jr,mobile,Chrome,male,42,1135,Boston: MA
Kimball  Mrs. Edwin Nelson Jr (Gertrude Parsons),desktop,Firefox,female,45,1179,Boston: MA
Klaber  Mr. Herman,desktop,Chrome,male,53,208,Portland: OR
Kreuchen  Miss. Emilie,desktop,Chrome,female,39,1368,-
Leader  Dr. Alice (Farnham),mobile,Chrome,female,49,313,New York: NY
LeRoy  Miss. Bertha,laptop,Internet Explorer,female,30,1370,-
Lesurer  Mr. Gustave J,mobile,Firefox,male,35,1224,-
Lewy  Mr. Ervin G,laptop,Firefox,male,53,616,Chicago: IL
"Lindeberg-Lind  Mr. Erik Gustaf (""Mr Edward Lingrey"")",tablet,Firefox,male,42,889,Stockholm: Sweden
Lindstrom  Mrs. Carl Johan (Sigrid Posse),desktop,Opera,female,55,1461,Stockholm: Sweden
Lines  Miss. Mary Conover,tablet,Chrome,female,53,1369,Paris: France
Lines  Mrs. Ernest H (Elizabeth Lindsey James),desktop,Firefox,female,51,663,Paris: France
Long  Mr. Milton Clyde,tablet,Chrome,male,29,542,Springfield: MA
Longley  Miss. Gretchen Fiske,laptop,Chrome,female,53,598,Hudson: NY
Loring  Mr. Joseph Holland,mobile,Opera,male,30,716,London / New York: NY
Lurette  Miss. Elise,tablet,Opera,female,58,417,-
Madill  Miss. Georgette Alexandra,laptop,Chrome,female,53,461,St Louis: MO
Maguire  Mr. John Edward,mobile,Internet Explorer,male,30,180,Brockton: MA
Maioni  Miss. Roberta,laptop,Firefox,female,53,87,-
Marechal  Mr. Pierre,laptop,Chrome,male,53,1160,Paris: France
Marvin  Mr. Daniel Warner,mobile,Chrome,male,53,1139,New York: NY
Marvin  Mrs. Daniel Warner (Mary Graham Carmichael Farquarson),mobile,Chrome,female,53,170,New York: NY
"Mayne  Mlle. Berthe Antonine (""Mrs de Villiers"")",laptop,Chrome,female,24,1232,Belgium  Montreal: PQ
McCaffry  Mr. Thomas Francis,tablet,Firefox,male,46,1161,Vancouver: BC
McCarthy  Mr. Timothy J,desktop,Chrome,male,54,1113,Dorchester: MA
McGough  Mr. James Robert,tablet,Firefox,male,36,523,Philadelphia: PA
Meyer  Mr. Edgar Joseph,mobile,Opera,male,28,161,New York: NY
Meyer  Mrs. Edgar Joseph (Leila Saks),tablet,Chrome,female,53,815,New York: NY
Millet  Mr. Francis Davis,mobile,Opera,male,65,501,East Bridgewater: MA
Minahan  Dr. William Edward,desktop,Internet Explorer,male,44,946,Fond du Lac: WI
Minahan  Miss. Daisy E,mobile,Chrome,female,33,734,Green Bay: WI
Minahan  Mrs. William Edward (Lillian E Thorpe),desktop,Chrome,female,37,64,Fond du Lac: WI
Mock  Mr. Philipp Edmund,mobile,Chrome,male,30,704,New York: NY
Molson  Mr. Harry Markland,desktop,Firefox,male,55,1036,Montreal: PQ
Moore  Mr. Clarence Bloomfield,tablet,Chrome,male,47,1151,Washington: DC
Natsch  Mr. Charles H,tablet,Opera,male,37,296,Brooklyn: NY
Newell  Miss. Madeleine,mobile,Internet Explorer,female,31,380,Lexington: MA
Newell  Miss. Marjorie,tablet,Chrome,female,23,1266,Lexington: MA
Newell  Mr. Arthur Webster,desktop,Opera,male,58,750,Lexington: MA
Newsom  Miss. Helen Monypeny,tablet,Internet Explorer,female,53,892,New York: NY
Nicholson  Mr. Arthur Ernest,desktop,Chrome,male,64,927,Isle of Wight: England
Oliva y Ocana  Dona. Fermina,desktop,Chrome,female,39,769,-
Omont  Mr. Alfred Fernand,laptop,Firefox,male,53,82,Paris: France
Ostby  Miss. Helene Ragnhild,tablet,Opera,female,53,867,Providence: RI
Ostby  Mr. Engelhart Cornelius,desktop,Firefox,male,65,60,Providence: RI
Ovies y Rodriguez  Mr. Servando,mobile,Firefox,male,53,141,?Havana: Cuba
Parr  Mr. William Henry Marsh,laptop,Chrome,male,53,1079,Belfast
Partner  Mr. Austen,desktop,Chrome,male,53,1235,Surbiton Hill: Surrey
Payne  Mr. Vivian Ponsonby,tablet,Chrome,male,23,67,Montreal: PQ
Pears  Mr. Thomas Clinton,mobile,Chrome,male,29,1182,Isleworth: England
Pears  Mrs. Thomas (Edith Wearne),tablet,Chrome,female,22,365,Isleworth: England
Penasco y Castellana  Mr. Victor de Satode,desktop,Firefox,male,53,740,Madrid: Spain
Penasco y Castellana  Mrs. Victor de Satode (Maria Josefa Perez de Soto y Vallejo),laptop,Firefox,female,53,98,Madrid: Spain
Perreault  Miss. Anne,mobile,Firefox,female,30,1159,-
Peuchen  Major. Arthur Godfrey,mobile,Chrome,male,52,845,Toronto: ON
Porter  Mr. Walter Chamberlain,tablet,Internet Explorer,male,47,223,Worcester: MA
Potter  Mrs. Thomas Jr (Lily Alexenia Wilson),tablet,Chrome,female,56,1415,Mt Airy: Philadelphia: PA
Reuchlin  Jonkheer. John George,mobile,Opera,male,38,354,Rotterdam: Netherlands
Rheims  Mr. George Alexander Lucien,desktop,Opera,male,53,1071,Paris /  New York: NY
Ringhini  Mr. Sante,tablet,Chrome,male,22,1006,-
Robbins  Mr. Victor,tablet,Opera,male,53,1266,-
Robert  Mrs. Edward Scott (Elisabeth Walton McMillan),tablet,Chrome,female,43,187,St Louis: MO
Roebling  Mr. Washington Augustus II,mobile,Chrome,male,31,738,Trenton: NJ
"Romaine  Mr. Charles Hallace (""Mr C Rolmane"")",laptop,Firefox,male,45,434,New York: NY
Rood  Mr. Hugh Roscoe,tablet,Chrome,male,53,120,Seattle: WA
Rosenbaum  Miss. Edith Louise,mobile,Firefox,female,33,1166,Paris: France
"Rosenshine  Mr. George (""Mr George Thorne"")",tablet,Chrome,male,46,181,New York: NY
Ross  Mr. John Hugo,laptop,Internet Explorer,male,36,709,Winnipeg: MB
Rothes  the Countess. of (Lucy Noel Martha Dyer-Edwards),tablet,Firefox,female,33,1415,London  Vancouver: BC
Rothschild  Mr. Martin,laptop,Chrome,male,55,823,New York: NY
Rothschild  Mrs. Martin (Elizabeth L. Barrett),mobile,Internet Explorer,female,54,507,New York: NY
Rowe  Mr. Alfred G,laptop,Chrome,male,33,756,London
Ryerson  Master. John Borie,desktop,Firefox,male,53,1226,Haverford: PA / Cooperstown: NY
Ryerson  Miss. Emily Borie,mobile,Chrome,female,53,1118,Haverford: PA / Cooperstown: NY
"Ryerson  Miss. Susan Parker ""Suzette""",mobile,Firefox,female,21,1301,Haverford: PA / Cooperstown: NY
Ryerson  Mr. Arthur Larned,mobile,Chrome,male,61,605,Haverford: PA / Cooperstown: NY
Ryerson  Mrs. Arthur Larned (Emily Maria Borie),tablet,Opera,female,48,310,Haverford: PA / Cooperstown: NY
Saalfeld  Mr. Adolphe,laptop,Firefox,male,53,1389,Manchester: England
Sagesser  Mlle. Emma,tablet,Internet Explorer,female,24,489,-
Salomon  Mr. Abraham L,tablet,Firefox,male,53,407,New York: NY
Schabert  Mrs. Paul (Emma Mock),mobile,Chrome,female,35,841,New York: NY
Serepeca  Miss. Augusta,desktop,Opera,female,30,165,-
Seward  Mr. Frederic Kimber,tablet,Chrome,male,34,194,New York: NY
Shutes  Miss. Elizabeth W,tablet,Opera,female,40,498,New York: NY / Greenwich CT
Silverthorne  Mr. Spencer Victor,laptop,Firefox,male,35,1087,St Louis: MO
Silvey  Mr. William Baird,laptop,Internet Explorer,male,50,661,Duluth: MN
Silvey  Mrs. William Baird (Alice Munger),desktop,Chrome,female,39,534,Duluth: MN
Simonius-Blumer  Col. Oberst Alfons,mobile,Chrome,male,56,342,Basel: Switzerland
Sloper  Mr. William Thompson,desktop,Internet Explorer,male,28,852,New Britain: CT
Smart  Mr. John Montgomery,desktop,Firefox,male,56,902,New York: NY
Smith  Mr. James Clinch,mobile,Chrome,male,56,677,St James: Long Island: NY
Smith  Mr. Lucien Philip,tablet,Firefox,male,53,467,Huntington: WV
Smith  Mr. Richard William,mobile,Chrome,male,53,824,Streatham: Surrey
Smith  Mrs. Lucien Philip (Mary Eloise Hughes),tablet,Chrome,female,53,1267,Huntington: WV
Snyder  Mr. John Pillsbury,tablet,Opera,male,24,1402,Minneapolis: MN
Snyder  Mrs. John Pillsbury (Nelle Stevenson),tablet,Firefox,female,23,534,Minneapolis: MN
Spedden  Master. Robert Douglas,tablet,Opera,male,53,591,Tuxedo Park: NY
Spedden  Mr. Frederic Oakley,tablet,Chrome,male,45,786,Tuxedo Park: NY
Spedden  Mrs. Frederic Oakley (Margaretta Corning Stone),desktop,Opera,female,40,312,Tuxedo Park: NY
Spencer  Mr. William Augustus,laptop,Chrome,male,57,664,Paris: France
Spencer  Mrs. William Augustus (Marie Eugenie),desktop,Opera,female,53,778,Paris: France
Stahelin-Maeglin  Dr. Max,desktop,Chrome,male,32,203,Basel: Switzerland
Stead  Mr. William Thomas,tablet,Chrome,male,62,1190,Wimbledon Park: London / Hayling Island: Hants
Stengel  Mr. Charles Emil Henry,mobile,Firefox,male,54,280,Newark: NJ
Stengel  Mrs. Charles Emil Henry (Annie May Morris),laptop,Firefox,female,43,918,Newark: NJ
Stephenson  Mrs. Walter Bertram (Martha Eustis),desktop,Internet Explorer,female,52,672,Haverford: PA
Stewart  Mr. Albert A,desktop,Opera,male,53,1118,Gallipolis: Ohio / ? Paris / New York
Stone  Mrs. George Nelson (Martha Evelyn),mobile,Opera,female,62,951,Cincinatti: OH
Straus  Mr. Isidor,laptop,Chrome,male,67,938,New York: NY
Straus  Mrs. Isidor (Rosalie Ida Blun),laptop,Internet Explorer,female,63,791,New York: NY
Sutton  Mr. Frederick,tablet,Opera,male,61,869,Haddenfield: NJ
Swift  Mrs. Frederick Joel (Margaret Welles Barron),mobile,Internet Explorer,female,48,804,Brooklyn: NY
Taussig  Miss. Ruth,laptop,Internet Explorer,female,53,253,New York: NY
Taussig  Mr. Emil,tablet,Chrome,male,52,45,New York: NY
Taussig  Mrs. Emil (Tillie Mandelbaum),laptop,Firefox,female,39,751,New York: NY
Taylor  Mr. Elmer Zebley,tablet,Chrome,male,48,716,London /  East Orange: NJ
Taylor  Mrs. Elmer Zebley (Juliet Cummins Wright),laptop,Firefox,female,53,202,London /  East Orange: NJ
Thayer  Mr. John Borland,tablet,Chrome,male,49,241,Haverford: PA
Thayer  Mr. John Borland Jr,mobile,Chrome,male,53,1066,Haverford: PA
Thayer  Mrs. John Borland (Marian Longstreth Morris),laptop,Firefox,female,39,841,Haverford: PA
Thorne  Mrs. Gertrude Maybelle,laptop,Internet Explorer,female,53,168,New York: NY
Tucker  Mr. Gilbert Milligan Jr,tablet,Firefox,male,31,1278,Albany: NY
Uruchurtu  Don. Manuel E,desktop,Opera,male,40,1296,Mexico City: Mexico
Van der hoef  Mr. Wyckoff,tablet,Firefox,male,61,1199,Brooklyn: NY
Walker  Mr. William Anderson,desktop,Opera,male,47,1195,East Orange: NJ
Ward  Miss. Anna,mobile,Internet Explorer,female,35,1017,-
Warren  Mr. Frank Manley,laptop,Firefox,male,64,1290,Portland: OR
Warren  Mrs. Frank Manley (Anna Sophia Atkinson),laptop,Internet Explorer,female,60,1165,Portland: OR
Weir  Col. John,desktop,Chrome,male,60,402,England Salt Lake City: Utah
White  Mr. Percival Wayland,laptop,Chrome,male,54,1360,Brunswick: ME
White  Mr. Richard Frasar,laptop,Chrome,male,21,412,Brunswick: ME
White  Mrs. John Stuart (Ella Holmes),tablet,Opera,female,55,484,New York: NY / Briarcliff Manor NY
Wick  Miss. Mary Natalie,desktop,Chrome,female,31,645,Youngstown: OH
Wick  Mr. George Dennick,tablet,Chrome,male,57,1346,Youngstown: OH
Wick  Mrs. George Dennick (Mary Hitchcock),tablet,Firefox,female,45,816,Youngstown: OH
Widener  Mr. George Dunton,mobile,Firefox,male,50,688,Elkins Park: PA
Widener  Mr. Harry Elkins,desktop,Firefox,male,27,459,Elkins Park: PA
Widener  Mrs. George Dunton (Eleanor Elkins),desktop,Firefox,female,50,929,Elkins Park: PA
Willard  Miss. Constance,mobile,Internet Explorer,female,21,388,Duluth: MN
Williams  Mr. Charles Duane,laptop,Firefox,male,51,404,Geneva: Switzerland / Radnor: PA
Williams  Mr. Richard Norris II,tablet,Firefox,male,21,1051,Geneva: Switzerland / Radnor: PA
Williams-Lambert  Mr. Fletcher Fellows,tablet,Opera,male,53,440,London: England
Wilson  Miss. Helen Alice,mobile,Opera,female,31,298,-
Woolner  Mr. Hugh,tablet,Firefox,male,53,1458,London: England
Wright  Mr. George,laptop,Chrome,male,62,179,Halifax: NS
Young  Miss. Marie Grice,tablet,Firefox,female,36,1185,New York: NY / Washington: DC
Abelson  Mr. Samuel,laptop,Firefox,male,30,1430,Russia New York: NY
Abelson  Mrs. Samuel (Hannah Wizosky),laptop,Chrome,female,28,343,Russia New York: NY
Aldworth  Mr. Charles Augustus,tablet,Opera,male,30,316,Bryn Mawr: PA: USA
Andrew  Mr. Edgardo Samuel,laptop,Firefox,male,53,1098,Buenos Aires: Argentina / New Jersey: NJ
Andrew  Mr. Frank Thomas,laptop,Firefox,male,25,686,Cornwall: England Houghton: MI
Angle  Mr. William A,laptop,Firefox,male,34,858,Warwick: England
"Angle  Mrs. William A (Florence ""Mary"" Agnes Hughes)",laptop,Internet Explorer,female,36,453,Warwick: England
Ashby  Mr. John,tablet,Firefox,male,57,1124,West Hoboken: NJ
Bailey  Mr. Percy Andrew,desktop,Internet Explorer,male,53,1118,Penzance: Cornwall / Akron: OH
Baimbrigge  Mr. Charles Robert,desktop,Chrome,male,23,1473,Guernsey
Ball  Mrs. (Ada E Hall),mobile,Chrome,female,36,529,Bristol: Avon / Jacksonville: FL
Banfield  Mr. Frederick James,laptop,Opera,male,28,381,Plymouth: Dorset / Houghton: MI
Bateman  Rev. Robert James,tablet,Internet Explorer,male,51,775,Jacksonville: FL
Beane  Mr. Edward,laptop,Chrome,male,32,394,Norwich / New York: NY
Beane  Mrs. Edward (Ethel Clarke),desktop,Opera,female,53,561,Norwich / New York: NY
Beauchamp  Mr. Henry James,tablet,Chrome,male,28,1429,England
Becker  Master. Richard F,tablet,Opera,male,53,62,Guntur: India / Benton Harbour: MI
Becker  Miss. Marion Louise,mobile,Internet Explorer,female,53,271,Guntur: India / Benton Harbour: MI
Becker  Miss. Ruth Elizabeth,mobile,Opera,female,53,47,Guntur: India / Benton Harbour: MI
Becker  Mrs. Allen Oliver (Nellie E Baumgardner),laptop,Firefox,female,53,548,Guntur: India / Benton Harbour: MI
Beesley  Mr. Lawrence,desktop,Opera,male,34,804,London
Bentham  Miss. Lilian W,tablet,Firefox,female,53,593,Rochester: NY
Berriman  Mr. William John,desktop,Chrome,male,23,1250,St Ives: Cornwall / Calumet: MI
Botsford  Mr. William Hull,mobile,Chrome,male,26,1377,Elmira: NY / Orange: NJ
Bowenur  Mr. Solomon,mobile,Chrome,male,42,1025,London
Bracken  Mr. James H,mobile,Opera,male,27,530,Lake Arthur: Chavez County: NM
"Brown  Miss. Amelia ""Mildred""",tablet,Internet Explorer,female,24,321,London / Montreal: PQ
Brown  Miss. Edith Eileen,desktop,Firefox,female,53,1331,Cape Town: South Africa / Seattle: WA
Brown  Mr. Thomas William Solomon,laptop,Firefox,male,60,971,Cape Town: South Africa / Seattle: WA
Brown  Mrs. Thomas William Solomon (Elizabeth Catherine Ford),desktop,Internet Explorer,female,40,823,Cape Town: South Africa / Seattle: WA
Bryhl  Miss. Dagmar Jenny Ingeborg ,laptop,Chrome,female,20,374,Skara: Sweden / Rockford: IL
Bryhl  Mr. Kurt Arnold Gottfrid,laptop,Opera,male,25,648,Skara: Sweden / Rockford: IL
Buss  Miss. Kate,laptop,Opera,female,36,1328,Sittingbourne: England / San Diego: CA
Butler  Mr. Reginald Fenton,tablet,Firefox,male,25,542,Southsea: Hants
Byles  Rev. Thomas Roussel Davids,desktop,Firefox,male,42,398,London
Bystrom  Mrs. (Karolina),mobile,Internet Explorer,female,42,1127,New York: NY
Caldwell  Master. Alden Gates,desktop,Firefox,male,53,1201,Bangkok: Thailand / Roseville: IL
Caldwell  Mr. Albert Francis,desktop,Opera,male,26,620,Bangkok: Thailand / Roseville: IL
Caldwell  Mrs. Albert Francis (Sylvia Mae Harbaugh),tablet,Opera,female,22,1291,Bangkok: Thailand / Roseville: IL
Cameron  Miss. Clear Annie,tablet,Internet Explorer,female,35,1269,Mamaroneck: NY
Campbell  Mr. William,tablet,Chrome,male,53,1302,Belfast
Carbines  Mr. William,tablet,Chrome,male,53,881,St Ives: Cornwall / Calumet: MI
Carter  Mrs. Ernest Courtenay (Lilian Hughes),tablet,Firefox,female,44,1386,London
Carter  Rev. Ernest Courtenay,desktop,Opera,male,54,1127,London
Chapman  Mr. Charles Henry,mobile,Chrome,male,52,710,Bronx: NY
Chapman  Mr. John Henry,mobile,Firefox,male,37,645,Cornwall / Spokane: WA
Chapman  Mrs. John Henry (Sara Elizabeth Lawry),mobile,Opera,female,29,835,Cornwall / Spokane: WA
Christy  Miss. Julie Rachel,mobile,Chrome,female,25,1045,London
Christy  Mrs. (Alice Frances),mobile,Chrome,female,45,1286,London
Clarke  Mr. Charles Valentine,desktop,Internet Explorer,male,29,688,England / San Francisco: CA
Clarke  Mrs. Charles V (Ada Maria Winfield),mobile,Chrome,female,28,742,England / San Francisco: CA
Coleridge  Mr. Reginald Charles,tablet,Internet Explorer,male,29,672,Hartford: Huntingdonshire
Collander  Mr. Erik Gustaf,mobile,Firefox,male,28,702,Helsinki: Finland Ashtabula: Ohio
Collett  Mr. Sidney C Stuart,laptop,Internet Explorer,male,24,874,London / Fort Byron: NY
"Collyer  Miss. Marjorie ""Lottie""",laptop,Internet Explorer,female,53,916,Bishopstoke: Hants / Fayette Valley: ID
Collyer  Mr. Harvey,desktop,Opera,male,31,1277,Bishopstoke: Hants / Fayette Valley: ID
Collyer  Mrs. Harvey (Charlotte Annie Tate),mobile,Opera,female,31,898,Bishopstoke: Hants / Fayette Valley: ID
Cook  Mrs. (Selena Rogers),laptop,Firefox,female,22,854,Pennsylvania
Corbett  Mrs. Walter H (Irene Colvin),mobile,Internet Explorer,female,30,633,Provo: UT
Corey  Mrs. Percy C (Mary Phyllis Elizabeth Miller),tablet,Firefox,female,53,515,Upper Burma: India Pittsburgh: PA
"Cotterill  Mr. Henry ""Harry""",laptop,Firefox,male,21,524,Penzance: Cornwall / Akron: OH
Cunningham  Mr. Alfred Fleming,mobile,Internet Explorer,male,53,783,Belfast
Davies  Master. John Morgan Jr,mobile,Chrome,male,53,831,St Ives: Cornwall / Hancock: MI
Davies  Mr. Charles Henry,tablet,Chrome,male,32,1460,Lyndhurst: England
Davies  Mrs. John Morgan (Elizabeth Agnes Mary White) ,mobile,Firefox,female,48,717,St Ives: Cornwall / Hancock: MI
Davis  Miss. Mary,mobile,Firefox,female,28,367,London / Staten Island: NY
de Brito  Mr. Jose Joaquim,laptop,Chrome,male,32,1089,Portugal / Sau Paulo: Brazil
Deacon  Mr. Percy William,desktop,Firefox,male,32,354,-
del Carlo  Mr. Sebastiano,tablet,Opera,male,29,1103,Lucca: Italy / California
del Carlo  Mrs. Sebastiano (Argenia Genovesi),mobile,Chrome,female,24,1101,Lucca: Italy / California
Denbury  Mr. Herbert,laptop,Internet Explorer,male,25,587,Guernsey / Elizabeth: NJ
Dibden  Mr. William,mobile,Firefox,male,32,809,New Forest: England
Doling  Miss. Elsie,tablet,Internet Explorer,female,32,1457,Southampton
Doling  Mrs. John T (Ada Julia Bone),mobile,Firefox,female,34,1247,Southampton
Downton  Mr. William James,mobile,Chrome,male,54,237,Holley: NY
Drew  Master. Marshall Brines,laptop,Firefox,male,32,949,Greenport: NY
Drew  Mr. James Vivian,tablet,Chrome,male,42,1142,Greenport: NY
Drew  Mrs. James Vivian (Lulu Thorne Christian),tablet,Chrome,female,34,721,Greenport: NY
Duran y More  Miss. Asuncion,mobile,Opera,female,27,955,Barcelona: Spain / Havana: Cuba
Duran y More  Miss. Florentina,tablet,Firefox,female,30,1464,Barcelona: Spain / Havana: Cuba
Eitemiller  Mr. George Floyd,laptop,Internet Explorer,male,23,267,England / Detroit: MI
Enander  Mr. Ingvar,tablet,Chrome,male,21,1148,Goteborg: Sweden / Rockford: IL
Fahlstrom  Mr. Arne Jonas,laptop,Internet Explorer,male,32,270,Oslo: Norway Bayonne: NJ
Faunthorpe  Mr. Harry,laptop,Chrome,male,40,960,England / Philadelphia: PA
Faunthorpe  Mrs. Lizzie (Elizabeth Anne Wilkinson),mobile,Chrome,female,29,377,-
Fillbrook  Mr. Joseph Charles,laptop,Chrome,male,32,930,Cornwall / Houghton: MI
Fox  Mr. Stanley Hubert,mobile,Opera,male,36,121,Rochester: NY
"Frost  Mr. Anthony Wood ""Archie""",desktop,Opera,male,32,1205,Belfast
Funk  Miss. Annie Clemmer,desktop,Firefox,female,38,1441,Janjgir: India / Pennsylvania
Fynney  Mr. Joseph J,desktop,Opera,male,35,845,Liverpool / Montreal: PQ
Gale  Mr. Harry,tablet,Internet Explorer,male,38,676,Cornwall / Clear Creek: CO
Gale  Mr. Shadrach,mobile,Firefox,male,34,1362,Cornwall / Clear Creek: CO
Garside  Miss. Ethel,tablet,Internet Explorer,female,34,625,Brooklyn: NY
Gaskell  Mr. Alfred,mobile,Internet Explorer,male,16,1382,Liverpool / Montreal: PQ
Gavey  Mr. Lawrence,laptop,Firefox,male,26,778,Guernsey / Elizabeth: NJ
Gilbert  Mr. William,mobile,Internet Explorer,male,47,490,Cornwall
Giles  Mr. Edgar,tablet,Opera,male,21,517,Cornwall / Camden: NJ
Giles  Mr. Frederick Edward,mobile,Firefox,male,21,608,Cornwall / Camden: NJ
Giles  Mr. Ralph,mobile,Firefox,male,24,1321,West Kensington: London
Gill  Mr. John William,desktop,Chrome,male,24,288,Clevedon: England
Gillespie  Mr. William Henry,laptop,Chrome,male,34,1240,Vancouver: BC
Givard  Mr. Hans Kristensen,mobile,Chrome,male,30,857,-
Greenberg  Mr. Samuel,laptop,Chrome,male,52,431,Bronx: NY
Hale  Mr. Reginald,laptop,Firefox,male,30,795,Auburn: NY
Hamalainen  Master. Viljo,laptop,Chrome,male,67,637,Detroit: MI
Hamalainen  Mrs. William (Anna),laptop,Firefox,female,24,794,Detroit: MI
Harbeck  Mr. William H,mobile,Firefox,male,44,940,Seattle: WA / Toledo: OH
"Harper  Miss. Annie Jessie ""Nina""",desktop,Opera,female,6,1485,Denmark Hill: Surrey / Chicago
Harper  Rev. John,laptop,Firefox,male,28,1237,Denmark Hill: Surrey / Chicago
Harris  Mr. George,laptop,Firefox,male,62,277,London
Harris  Mr. Walter,mobile,Internet Explorer,male,30,1276,Walthamstow: England
Hart  Miss. Eva Miriam,tablet,Firefox,female,7,459,Ilford: Essex / Winnipeg: MB
Hart  Mr. Benjamin,laptop,Opera,male,43,1229,Ilford: Essex / Winnipeg: MB
Hart  Mrs. Benjamin (Esther Ada Bloomfield),desktop,Chrome,female,45,1272,Ilford: Essex / Winnipeg: MB
Herman  Miss. Alice,mobile,Firefox,female,24,1288,Somerset / Bernardsville: NJ
Herman  Miss. Kate,mobile,Chrome,female,24,303,Somerset / Bernardsville: NJ
Herman  Mr. Samuel,laptop,Chrome,male,49,300,Somerset / Bernardsville: NJ
Herman  Mrs. Samuel (Jane Laver),laptop,Chrome,female,48,1168,Somerset / Bernardsville: NJ
Hewlett  Mrs. (Mary D Kingcome) ,laptop,Opera,female,55,1273,India / Rapid City: SD
Hickman  Mr. Leonard Mark,tablet,Firefox,male,24,1230,West Hampstead: London / Neepawa: MB
Hickman  Mr. Lewis,tablet,Internet Explorer,male,32,1005,West Hampstead: London / Neepawa: MB
Hickman  Mr. Stanley George,tablet,Chrome,male,21,832,West Hampstead: London / Neepawa: MB
Hiltunen  Miss. Marta,desktop,Opera,female,18,275,Kontiolahti: Finland / Detroit: MI
"Hocking  Miss. Ellen ""Nellie""",tablet,Firefox,female,20,542,Cornwall / Akron: OH
Hocking  Mr. Richard George,desktop,Firefox,male,23,469,Cornwall / Akron: OH
Hocking  Mr. Samuel James Metcalfe,laptop,Opera,male,36,1368,Devonport: England
Hocking  Mrs. Elizabeth (Eliza Needs),mobile,Chrome,female,54,498,Cornwall / Akron: OH
Hodges  Mr. Henry Price,tablet,Firefox,male,50,1289,Southampton
Hold  Mr. Stephen,tablet,Firefox,male,44,643,England / Sacramento: CA
Hold  Mrs. Stephen (Annie Margaret Hill),laptop,Firefox,female,29,1432,England / Sacramento: CA
Hood  Mr. Ambrose Jr,mobile,Opera,male,21,481,New Forest: England
Hosono  Mr. Masabumi,tablet,Internet Explorer,male,42,530,Tokyo: Japan
Howard  Mr. Benjamin,tablet,Opera,male,63,281,Swindon: England
Howard  Mrs. Benjamin (Ellen Truelove Arman),tablet,Chrome,female,60,731,Swindon: England
Hunt  Mr. George Henry,tablet,Internet Explorer,male,33,165,Philadelphia: PA
Ilett  Miss. Bertha,tablet,Firefox,female,32,33,Guernsey
Jacobsohn  Mr. Sidney Samuel,tablet,Internet Explorer,male,42,155,London
Jacobsohn  Mrs. Sidney Samuel (Amy Frances Christy),desktop,Firefox,female,24,718,London
Jarvis  Mr. John Denzil,mobile,Chrome,male,47,275,North Evington: England
Jefferys  Mr. Clifford Thomas,mobile,Chrome,male,24,177,Guernsey / Elizabeth: NJ
Jefferys  Mr. Ernest Wilfred,desktop,Firefox,male,22,1101,Guernsey / Elizabeth: NJ
Jenkin  Mr. Stephen Curnow,desktop,Internet Explorer,male,32,351,St Ives: Cornwall / Houghton: MI
Jerwan  Mrs. Amin S (Marie Marthe Thuillard),mobile,Firefox,female,23,962,New York: NY
Kantor  Mr. Sinai,laptop,Internet Explorer,male,34,939,Moscow / Bronx: NY
Kantor  Mrs. Sinai (Miriam Sternin),desktop,Chrome,female,24,1157,Moscow / Bronx: NY
Karnes  Mrs. J Frank (Claire Bennett),desktop,Chrome,female,22,1386,India / Pittsburgh: PA
Keane  Miss. Nora A,tablet,Chrome,female,32,507,Harrisburg: PA
Keane  Mr. Daniel,mobile,Opera,male,35,45,-
"Kelly  Mrs. Florence ""Fannie""",tablet,Firefox,female,45,1300,London / New York: NY
Kirkland  Rev. Charles Leonard,tablet,Firefox,male,57,439,Glasgow / Bangor: ME
Knight  Mr. Robert J,mobile,Firefox,male,32,1480,Belfast
Kvillner  Mr. Johan Henrik Johannesson,mobile,Chrome,male,31,835,Sweden / Arlington: NJ
Lahtinen  Mrs. William (Anna Sylfven),desktop,Chrome,female,26,1101,Minneapolis: MN
Lahtinen  Rev. William,laptop,Opera,male,30,42,Minneapolis: MN
Lamb  Mr. John Joseph,mobile,Internet Explorer,male,32,728,-
Laroche  Miss. Louise,laptop,Chrome,female,32,1274,Paris / Haiti
Laroche  Miss. Simonne Marie Anne Andree,mobile,Opera,female,32,568,Paris / Haiti
Laroche  Mr. Joseph Philippe Lemercier,mobile,Firefox,male,25,665,Paris / Haiti
Laroche  Mrs. Joseph (Juliette Marie Louise Lafargue),desktop,Firefox,female,22,1369,Paris / Haiti
Lehmann  Miss. Bertha,laptop,Opera,female,32,173,Berne: Switzerland / Central City: IA
Leitch  Miss. Jessie Wills,laptop,Chrome,female,32,581,London / Chicago: IL
Lemore  Mrs. (Amelia Milley),mobile,Chrome,female,34,50,Chicago: IL
Levy  Mr. Rene Jacques,laptop,Chrome,male,36,1477,Montreal: PQ
Leyson  Mr. Robert William Norman,desktop,Firefox,male,24,914,-
Lingane  Mr. John,mobile,Firefox,male,61,330,-
Louch  Mr. Charles Alexander,tablet,Firefox,male,50,686,Weston-Super-Mare: Somerset
Louch  Mrs. Charles Alexander (Alice Adelaide Slow),tablet,Firefox,female,42,402,Weston-Super-Mare: Somerset
Mack  Mrs. (Mary),tablet,Chrome,female,57,1211,Southampton / New York: NY
Malachard  Mr. Noel,laptop,Chrome,male,32,544,Paris
Mallet  Master. Andre,laptop,Chrome,male,32,877,Paris / Montreal: PQ
Mallet  Mr. Albert,mobile,Firefox,male,31,80,Paris / Montreal: PQ
Mallet  Mrs. Albert (Antoinette Magnin),desktop,Firefox,female,24,364,Paris / Montreal: PQ
Mangiavacchi  Mr. Serafino Emilio,laptop,Opera,male,32,858,New York: NY
Matthews  Mr. William John,tablet,Firefox,male,30,94,St Austall: Cornwall
Maybery  Mr. Frank Hubert,mobile,Opera,male,40,707,Weston-Super-Mare / Moose Jaw: SK
McCrae  Mr. Arthur Gordon,mobile,Chrome,male,32,1356,Sydney: Australia
McCrie  Mr. James Matthew,desktop,Chrome,male,30,1396,Sarnia: ON
McKane  Mr. Peter David,mobile,Firefox,male,46,1415,Rochester: NY
Mellinger  Miss. Madeleine Violet,desktop,Opera,female,32,464,England / Bennington: VT
Mellinger  Mrs. (Elizabeth Anne Maidment),tablet,Internet Explorer,female,41,605,England / Bennington: VT
Mellors  Mr. William John,tablet,Firefox,male,19,1108,Chelsea: London
Meyer  Mr. August,desktop,Firefox,male,39,717,Harrow-on-the-Hill: Middlesex
Milling  Mr. Jacob Christian,mobile,Chrome,male,48,278,Copenhagen: Denmark
Mitchell  Mr. Henry Michael,tablet,Chrome,male,70,346,Guernsey / Montclair: NJ and/or Toledo: Ohio
Montvila  Rev. Juozas,desktop,Opera,male,27,1262,Worcester: MA
Moraweck  Dr. Ernest,laptop,Chrome,male,54,1127,Frankfort: KY
"Morley  Mr. Henry Samuel (""Mr Henry Marshall"")",laptop,Firefox,male,39,730,-
Mudd  Mr. Thomas Charles,mobile,Chrome,male,16,1012,Halesworth: England
Myles  Mr. Thomas Francis,laptop,Chrome,male,62,1363,Cambridge: MA
Nasser  Mr. Nicholas,mobile,Opera,male,32,580,New York: NY
Nasser  Mrs. Nicholas (Adele Achem),tablet,Firefox,female,14,1489,New York: NY
Navratil  Master. Edmond Roger,laptop,Chrome,male,32,1415,Nice: France
Navratil  Master. Michel M,laptop,Chrome,male,32,346,Nice: France
"Navratil  Mr. Michel (""Louis M Hoffman"")",laptop,Chrome,male,32,1247,Nice: France
Nesson  Mr. Israel,laptop,Chrome,male,26,756,Boston: MA
Nicholls  Mr. Joseph Charles,tablet,Firefox,male,19,180,Cornwall / Hancock: MI
Norman  Mr. Robert Douglas,tablet,Opera,male,28,301,Glasgow
"Nourney  Mr. Alfred (""Baron von Drachstedt"")",mobile,Internet Explorer,male,20,895,Cologne: Germany
Nye  Mrs. (Elizabeth Ramell),laptop,Chrome,female,29,299,Folkstone: Kent / New York: NY
Otter  Mr. Richard,mobile,Internet Explorer,male,39,448,Middleburg Heights: OH
Oxenham  Mr. Percy Thomas,desktop,Chrome,male,22,720,Pondersend: England / New Durham: NJ
Padro y Manent  Mr. Julian,desktop,Chrome,male,32,208,Spain / Havana: Cuba
Pain  Dr. Alfred,tablet,Chrome,male,23,521,Hamilton: ON
Pallas y Castello  Mr. Emilio,desktop,Firefox,male,29,825,Spain / Havana: Cuba
Parker  Mr. Clifford Richard,desktop,Opera,male,28,1036,St Andrews: Guernsey
"Parkes  Mr. Francis ""Frank""",tablet,Chrome,male,32,813,Belfast
Parrish  Mrs. (Lutie Davis),desktop,Chrome,female,50,1217,Woodford County: KY
Pengelly  Mr. Frederick William,desktop,Internet Explorer,male,32,735,Gunnislake: England / Butte: MT
Pernot  Mr. Rene,laptop,Chrome,male,32,627,-
Peruschitz  Rev. Joseph Maria,laptop,Firefox,male,41,317,-
Phillips  Miss. Alice Frances Louisa,laptop,Opera,female,21,610,Ilfracombe: Devon
"Phillips  Miss. Kate Florence (""Mrs Kate Louise Phillips Marshall"")",laptop,Chrome,female,32,1019,Worcester: England
Phillips  Mr. Escott Robert,desktop,Firefox,male,43,1470,Ilfracombe: Devon
Pinsky  Mrs. (Rosa),laptop,Internet Explorer,female,32,1262,Russia
Ponesell  Mr. Martin,mobile,Firefox,male,34,770,Denmark / New York: NY
Portaluppi  Mr. Emilio Ilario Giuseppe,tablet,Opera,male,30,1108,Milford: NH
Pulbaum  Mr. Franz,desktop,Chrome,male,27,115,Paris
Quick  Miss. Phyllis May,mobile,Firefox,female,32,696,Plymouth: Devon / Detroit: MI
Quick  Miss. Winifred Vera,mobile,Chrome,female,32,1230,Plymouth: Devon / Detroit: MI
Quick  Mrs. Frederick Charles (Jane Richards),mobile,Internet Explorer,female,33,463,Plymouth: Devon / Detroit: MI
Reeves  Mr. David,tablet,Chrome,male,36,721,Brighton: Sussex
Renouf  Mr. Peter Henry,tablet,Internet Explorer,male,34,1379,Elizabeth: NJ
Renouf  Mrs. Peter Henry (Lillian Jefferys),laptop,Internet Explorer,female,30,562,Elizabeth: NJ
Reynaldo  Ms. Encarnacion,mobile,Opera,female,28,225,Spain
Richard  Mr. Emile,laptop,Opera,male,32,415,Paris / Montreal: PQ
Richards  Master. George Sibley,laptop,Firefox,male,32,716,Cornwall / Akron: OH
Richards  Master. William Rowe,desktop,Firefox,male,32,126,Cornwall / Akron: OH
Richards  Mrs. Sidney (Emily Hocking),laptop,Internet Explorer,female,24,151,Cornwall / Akron: OH
Ridsdale  Miss. Lucy,desktop,Firefox,female,50,664,London: England / Marietta: Ohio and Milwaukee: WI
Rogers  Mr. Reginald Harry,mobile,Chrome,male,19,312,-
Rugg  Miss. Emily,mobile,Firefox,female,21,145,Guernsey / Wilmington: DE
Schmidt  Mr. August,mobile,Chrome,male,26,1426,Newark: NJ
Sedgwick  Mr. Charles Frederick Waddington,desktop,Firefox,male,25,513,Liverpool
Sharp  Mr. Percival James R,mobile,Chrome,male,27,1312,Hornsey: England
Shelley  Mrs. William (Imanita Parrish Hall),mobile,Opera,female,25,765,Deer Lodge: MT
Silven  Miss. Lyyli Karoliina,mobile,Chrome,female,18,316,Finland / Minneapolis: MN
Sincock  Miss. Maude,laptop,Firefox,female,20,1324,Cornwall / Hancock: MI
Sinkkonen  Miss. Anna,tablet,Chrome,female,30,705,Finland / Washington: DC
Sjostedt  Mr. Ernst Adolf,desktop,Firefox,male,59,632,Sault St Marie: ON
Slayter  Miss. Hilda Mary,tablet,Chrome,female,30,67,Halifax: NS
Slemen  Mr. Richard James,laptop,Firefox,male,35,496,Cornwall
Smith  Miss. Marion Elsie,desktop,Chrome,female,40,1158,-
Sobey  Mr. Samuel James Hayden,desktop,Chrome,male,25,1090,Cornwall / Houghton: MI
Stanton  Mr. Samuel Ward,laptop,Firefox,male,41,142,New York: NY
Stokes  Mr. Philip Joseph,mobile,Chrome,male,25,1440,Catford: Kent / Detroit: MI
Swane  Mr. George,desktop,Internet Explorer,male,32,624,-
Sweet  Mr. George Frederick,tablet,Chrome,male,32,148,Somerset / Bernardsville: NJ
Toomey  Miss. Ellen,tablet,Chrome,female,50,1241,Indianapolis: IN
Troupiansky  Mr. Moses Aaron,mobile,Opera,male,23,875,-
Trout  Mrs. William H (Jessie L),tablet,Internet Explorer,female,28,334,Columbus: OH
"Troutt  Miss. Edwina Celia ""Winnie""",desktop,Chrome,female,27,52,Bath: England / Massachusetts
Turpin  Mr. William John Robert,laptop,Chrome,male,29,873,Plymouth: England
Turpin  Mrs. William John Robert (Dorothy Ann Wonnacott),laptop,Internet Explorer,female,27,591,Plymouth: England
Veal  Mr. James,mobile,Firefox,male,40,1096,Barre: Co Washington: VT
Walcroft  Miss. Nellie,mobile,Firefox,female,31,473,Mamaroneck: NY
Ware  Mr. John James,mobile,Chrome,male,30,134,Bristol: England / New Britain: CT
Ware  Mr. William Jeffery,tablet,Chrome,male,23,1244,-
Ware  Mrs. John James (Florence Louise Long),tablet,Chrome,female,31,1235,Bristol: England / New Britain: CT
Watson  Mr. Ennis Hastings,desktop,Opera,male,32,911,Belfast
Watt  Miss. Bertha J,laptop,Chrome,female,32,232,Aberdeen / Portland: OR
"Watt  Mrs. James (Elizabeth ""Bessie"" Inglis Milne)",laptop,Internet Explorer,female,40,1028,Aberdeen / Portland: OR
Webber  Miss. Susan,desktop,Firefox,female,32,261,England / Hartford: CT
Weisz  Mr. Leopold,tablet,Opera,male,27,870,Bromsgrove: England / Montreal: PQ
Weisz  Mrs. Leopold (Mathilde Francoise Pede),tablet,Chrome,female,29,480,Bromsgrove: England / Montreal: PQ
Wells  Master. Ralph Lester,tablet,Firefox,male,32,364,Cornwall / Akron: OH
Wells  Miss. Joan,desktop,Chrome,female,32,906,Cornwall / Akron: OH
"Wells  Mrs. Arthur Henry (""Addie"" Dart Trevaskis)",mobile,Opera,female,29,575,Cornwall / Akron: OH
West  Miss. Barbara J,laptop,Firefox,female,32,1023,Bournmouth: England
West  Miss. Constance Mirium,laptop,Internet Explorer,female,32,957,Bournmouth: England
West  Mr. Edwy Arthur,mobile,Chrome,male,36,528,Bournmouth: England
West  Mrs. Edwy Arthur (Ada Mary Worth),mobile,Opera,female,33,1461,Bournmouth: England
Wheadon  Mr. Edward H,laptop,Chrome,male,66,908,Guernsey: England / Edgewood: RI
"Wheeler  Mr. Edwin ""Frederick""",mobile,Chrome,male,32,409,-
Wilhelms  Mr. Charles,tablet,Chrome,male,31,498,London: England
Williams  Mr. Charles Eugene,laptop,Chrome,male,32,1466,Harrow: England
Wright  Miss. Marion,laptop,Internet Explorer,female,26,128,Yoevil: England / Cottage Grove: OR
"Yrois  Miss. Henriette (""Mrs Harbeck"")",mobile,Firefox,female,24,357,Paris
Abbing  Mr. Anthony,desktop,Firefox,male,42,138,-
Abbott  Master. Eugene Joseph,laptop,Chrome,male,32,902,East Providence: RI
Abbott  Mr. Rossmore Edward,laptop,Firefox,male,32,1185,East Providence: RI
Abbott  Mrs. Stanton (Rosa Hunt),mobile,Firefox,female,35,584,East Providence: RI
Abelseth  Miss. Karen Marie,desktop,Chrome,female,32,202,Norway Los Angeles: CA
Abelseth  Mr. Olaus Jorgensen,desktop,Firefox,male,25,1322,Perkins County: SD
Abrahamsson  Mr. Abraham August Johannes,mobile,Firefox,male,20,1150,Taalintehdas: Finland Hoboken: NJ
Abrahim  Mrs. Joseph (Sophie Halaut Easu),mobile,Firefox,female,32,243,Greensburg: PA
Adahl  Mr. Mauritz Nils Martin,mobile,Firefox,male,30,970,Asarum: Sweden Brooklyn: NY
Adams  Mr. John,tablet,Internet Explorer,male,26,104,Bournemouth: England
Ahlin  Mrs. Johan (Johanna Persdotter Larsson),laptop,Opera,female,40,1333,Sweden Akeley: MN
Aks  Master. Philip Frank,laptop,Chrome,male,32,897,London: England Norfolk: VA
Aks  Mrs. Sam (Leah Rosen),mobile,Opera,female,32,739,London: England Norfolk: VA
Albimona  Mr. Nassef Cassem,desktop,Opera,male,26,848,Syria Fredericksburg: VA
Alexander  Mr. William,tablet,Opera,male,26,1084,England Albion: NY
Alhomaki  Mr. Ilmari Rudolf,mobile,Opera,male,20,479,Salo: Finland Astoria: OR
Ali  Mr. Ahmed,laptop,Chrome,male,24,443,-
Ali  Mr. William,desktop,Firefox,male,25,1186,Argentina
Allen  Mr. William Henry,mobile,Firefox,male,35,873,Lower Clapton: Middlesex or Erdington: Birmingham
Allum  Mr. Owen George,tablet,Internet Explorer,male,32,789,Windsor: England New York: NY
Andersen  Mr. Albert Karvin,desktop,Opera,male,32,208,Bergen: Norway
Andersen-Jensen  Miss. Carla Christine Nielsine,laptop,Firefox,female,32,793,-
Andersson  Master. Sigvard Harald Elias,tablet,Opera,male,32,477,Sweden Winnipeg: MN
Andersson  Miss. Ebba Iris Alfrida,laptop,Firefox,female,32,1095,Sweden Winnipeg: MN
Andersson  Miss. Ellis Anna Maria,laptop,Chrome,female,32,758,Sweden Winnipeg: MN
Andersson  Miss. Erna Alexandra,laptop,Firefox,female,32,1208,Ruotsinphyhtaa: Finland New York: NY
Andersson  Miss. Ida Augusta Margareta,laptop,Firefox,female,38,1360,Vadsbro: Sweden Ministee: MI
Andersson  Miss. Ingeborg Constanzia,tablet,Chrome,female,32,1500,Sweden Winnipeg: MN
Andersson  Miss. Sigrid Elisabeth,mobile,Firefox,female,32,822,Sweden Winnipeg: MN
Andersson  Mr. Anders Johan,desktop,Firefox,male,39,576,Sweden Winnipeg: MN
"Andersson  Mr. August Edvard (""Wennerstrom"")",tablet,Opera,male,27,55,-
Andersson  Mr. Johan Samuel,mobile,Chrome,male,26,1466,Hartford: CT
Andersson  Mrs. Anders Johan (Alfrida Konstantia Brogren),laptop,Opera,female,39,1165,Sweden Winnipeg: MN
Andreasson  Mr. Paul Edvin,mobile,Opera,male,20,1227,Sweden Chicago: IL
Angheloff  Mr. Minko,tablet,Firefox,male,26,220,Bulgaria Chicago: IL
Arnold-Franchi  Mr. Josef,laptop,Chrome,male,25,995,Altdorf: Switzerland
Arnold-Franchi  Mrs. Josef (Josefine Franchi),desktop,Internet Explorer,female,32,1441,Altdorf: Switzerland
Aronsson  Mr. Ernst Axel Algot,mobile,Internet Explorer,male,24,110,Sweden Joliet: IL
Asim  Mr. Adola,desktop,Firefox,male,35,1417,-
Asplund  Master. Carl Edgar,tablet,Chrome,male,32,766,Sweden  Worcester: MA
Asplund  Master. Clarence Gustaf Hugo,mobile,Chrome,male,32,1138,Sweden Worcester: MA
Asplund  Master. Edvin Rojj Felix,laptop,Firefox,male,32,863,Sweden Worcester: MA
Asplund  Master. Filip Oscar,tablet,Chrome,male,32,1228,Sweden Worcester: MA
Asplund  Miss. Lillian Gertrud,mobile,Chrome,female,32,1231,Sweden Worcester: MA
Asplund  Mr. Carl Oscar Vilhelm Gustafsson,desktop,Firefox,male,40,640,Sweden  Worcester: MA
Asplund  Mr. Johan Charles,mobile,Chrome,male,23,61,Oskarshamn: Sweden Minneapolis: MN
Asplund  Mrs. Carl Oscar (Selma Augusta Emilia Johansson),mobile,Firefox,female,38,681,Sweden  Worcester: MA
"Assaf Khalil  Mrs. Mariana (""Miriam"")",mobile,Firefox,female,45,868,Ottawa: ON
Assaf  Mr. Gerios,tablet,Chrome,male,21,776,Ottawa: ON
Assam  Mr. Ali,mobile,Opera,male,23,898,-
Attalah  Miss. Malake,desktop,Firefox,female,32,384,-
Attalah  Mr. Sleiman,tablet,Opera,male,30,997,Ottawa: ON
Augustsson  Mr. Albert,tablet,Opera,male,23,1493,Krakoryd: Sweden Bloomington: IL
Ayoub  Miss. Banoura,desktop,Firefox,female,32,339,Syria Youngstown: OH
Baccos  Mr. Raffull,tablet,Chrome,male,20,735,-
Backstrom  Mr. Karl Alfred,desktop,Firefox,male,32,460,Ruotsinphytaa: Finland New York: NY
Backstrom  Mrs. Karl Alfred (Maria Mathilda Gustafsson),tablet,Firefox,female,33,1429,Ruotsinphytaa: Finland New York: NY
Baclini  Miss. Eugenie,desktop,Opera,female,32,256,Syria New York: NY
Baclini  Miss. Helene Barbara,laptop,Opera,female,32,1258,Syria New York: NY
Baclini  Miss. Marie Catherine,laptop,Firefox,female,32,1372,Syria New York: NY
Baclini  Mrs. Solomon (Latifa Qurban),mobile,Chrome,female,24,613,Syria New York: NY
Badman  Miss. Emily Louisa,tablet,Internet Explorer,female,32,1397,London Skanteales: NY
Badt  Mr. Mohamed,laptop,Firefox,male,40,1212,-
Balkic  Mr. Cerin,laptop,Opera,male,26,428,-
Barah  Mr. Hanna Assi,desktop,Firefox,male,20,720,-
Barbara  Miss. Saiide,laptop,Internet Explorer,female,32,1158,Syria Ottawa: ON
Barbara  Mrs. (Catherine David),mobile,Internet Explorer,female,45,683,Syria Ottawa: ON
Barry  Miss. Julia,tablet,Opera,female,27,920,New York: NY
Barton  Mr. David John,desktop,Opera,male,22,1098,England New York: NY
Beavan  Mr. William Thomas,mobile,Firefox,male,32,1109,England
Bengtsson  Mr. John Viktor,desktop,Firefox,male,26,1003,Krakudden: Sweden Moune: IL
Berglund  Mr. Karl Ivar Sven,laptop,Firefox,male,22,356,Tranvik: Finland New York
Betros  Master. Seman,desktop,Firefox,male,32,276,-
Betros  Mr. Tannous,desktop,Firefox,male,20,1285,Syria
Bing  Mr. Lee,tablet,Opera,male,32,665,Hong Kong New York: NY
Birkeland  Mr. Hans Martin Monsen,desktop,Firefox,male,21,835,Brennes: Norway New York
Bjorklund  Mr. Ernst Herbert,desktop,Firefox,male,32,1073,Stockholm: Sweden New York
Bostandyeff  Mr. Guentcho,tablet,Firefox,male,26,1447,Bulgaria Chicago: IL
Boulos  Master. Akar,mobile,Opera,male,32,452,Syria Kent: ON
Boulos  Miss. Nourelain,mobile,Chrome,female,32,809,Syria Kent: ON
Boulos  Mr. Hanna,laptop,Firefox,male,32,148,Syria
Boulos  Mrs. Joseph (Sultana),laptop,Chrome,female,32,660,Syria Kent: ON
Bourke  Miss. Mary,desktop,Internet Explorer,female,32,225,Ireland Chicago: IL
Bourke  Mr. John,tablet,Opera,male,40,865,Ireland Chicago: IL
Bourke  Mrs. John (Catherine),tablet,Opera,female,32,377,Ireland Chicago: IL
"Bowen  Mr. David John ""Dai""",desktop,Opera,male,21,1377,Treherbert: Cardiff: Wales
Bradley  Miss. Bridget Delia,tablet,Firefox,female,22,1063,Kingwilliamstown: Co Cork: Ireland Glens Falls: NY
Braf  Miss. Elin Ester Maria,laptop,Firefox,female,20,851,Medeltorp: Sweden Chicago: IL
Braund  Mr. Lewis Richard,tablet,Firefox,male,29,1193,Bridgerule: Devon
Braund  Mr. Owen Harris,mobile,Firefox,male,22,456,Bridgerule: Devon
Brobeck  Mr. Karl Rudolf,mobile,Chrome,male,22,945,Sweden Worcester: MA
Brocklebank  Mr. William Alfred,laptop,Chrome,male,35,263,Broomfield: Chelmsford: England
Buckley  Miss. Katherine,desktop,Opera,female,32,848,Co Cork: Ireland Roxbury: MA
Buckley  Mr. Daniel,tablet,Chrome,male,21,314,Kingwilliamstown: Co Cork: Ireland New York: NY
Burke  Mr. Jeremiah,tablet,Firefox,male,32,1185,Co Cork: Ireland Charlestown: MA
Burns  Miss. Mary Delia,desktop,Internet Explorer,female,32,1310,Co Sligo: Ireland New York: NY
Cacic  Miss. Manda,tablet,Internet Explorer,female,21,895,-
Cacic  Miss. Marija,mobile,Chrome,female,30,76,-
Cacic  Mr. Jego Grga,mobile,Internet Explorer,male,55,136,-
Cacic  Mr. Luka,tablet,Chrome,male,38,1410,Croatia
Calic  Mr. Jovo,tablet,Firefox,male,55,875,-
Calic  Mr. Petar,mobile,Firefox,male,55,176,-
Canavan  Miss. Mary,desktop,Chrome,female,21,592,-
Canavan  Mr. Patrick,desktop,Chrome,male,21,1324,Ireland Philadelphia: PA
Cann  Mr. Ernest Charles,laptop,Opera,male,21,1378,-
Caram  Mr. Joseph,desktop,Chrome,male,55,1277,Ottawa: ON
Caram  Mrs. Joseph (Maria Elias),desktop,Chrome,female,55,1291,Ottawa: ON
Carlsson  Mr. August Sigfrid,tablet,Internet Explorer,male,28,1153,Dagsas: Sweden Fower: MN
Carlsson  Mr. Carl Robert,tablet,Firefox,male,24,995,Goteborg: Sweden Huntley: IL
"Carr  Miss. Helen ""Ellen""",tablet,Firefox,female,55,205,Co Longford: Ireland New York: NY
Carr  Miss. Jeannie,tablet,Chrome,female,37,1213,Co Sligo: Ireland Hartford: CT
Carver  Mr. Alfred John,laptop,Internet Explorer,male,28,529,St Denys: Southampton: Hants
Celotti  Mr. Francesco,desktop,Opera,male,24,434,London
Charters  Mr. David,mobile,Firefox,male,21,1418,Ireland New York: NY
Chip  Mr. Chang,desktop,Internet Explorer,male,32,181,Hong Kong New York: NY
Christmann  Mr. Emil,tablet,Firefox,male,29,1087,-
Chronopoulos  Mr. Apostolos,desktop,Opera,male,26,396,Greece
Chronopoulos  Mr. Demetrios,laptop,Firefox,male,55,977,Greece
Coelho  Mr. Domingos Fernandeo,desktop,Firefox,male,20,300,Portugal
"Cohen  Mr. Gurshon ""Gus""",laptop,Chrome,male,55,1370,London Brooklyn: NY
Colbert  Mr. Patrick,mobile,Firefox,male,24,657,Co Limerick: Ireland Sherbrooke: PQ
Coleff  Mr. Peju,mobile,Firefox,male,36,330,Bulgaria Chicago: IL
Coleff  Mr. Satio,desktop,Internet Explorer,male,24,999,-
Conlon  Mr. Thomas Henry,laptop,Chrome,male,31,1277,Philadelphia: PA
Connaghton  Mr. Michael,tablet,Chrome,male,31,1227,Ireland Brooklyn: NY
Connolly  Miss. Kate,laptop,Firefox,female,22,598,Ireland
Connolly  Miss. Kate,mobile,Firefox,female,30,768,Ireland
Connors  Mr. Patrick,mobile,Internet Explorer,male,55,403,-
Cook  Mr. Jacob,tablet,Chrome,male,43,110,-
Cor  Mr. Bartol,desktop,Opera,male,35,731,Austria
Cor  Mr. Ivan,tablet,Chrome,male,27,420,Austria
Cor  Mr. Liudevit,tablet,Opera,male,19,775,Austria
Corn  Mr. Harry,tablet,Internet Explorer,male,30,923,London
"Coutts  Master. Eden Leslie ""Neville""",tablet,Chrome,male,55,821,England Brooklyn: NY
"Coutts  Master. William Loch ""William""",tablet,Chrome,male,55,314,England Brooklyn: NY
"Coutts  Mrs. William (Winnie ""Minnie"" Treanor)",desktop,Chrome,female,36,745,England Brooklyn: NY
Coxon  Mr. Daniel,mobile,Opera,male,59,1133,Merrill: WI
Crease  Mr. Ernest James,desktop,Chrome,male,19,1001,Bristol: England Cleveland: OH
Cribb  Miss. Laura Alice,tablet,Firefox,female,17,1187,Bournemouth: England Newark: NJ
Cribb  Mr. John Hatfield,laptop,Firefox,male,44,150,Bournemouth: England Newark: NJ
Culumovic  Mr. Jeso,mobile,Opera,male,17,934,Austria-Hungary
Daher  Mr. Shedid,tablet,Chrome,male,55,1427,-
Dahl  Mr. Karl Edwart,mobile,Internet Explorer,male,45,316,Australia Fingal: ND
Dahlberg  Miss. Gerda Ulrika,tablet,Chrome,female,22,391,Norrlot: Sweden Chicago: IL
Dakic  Mr. Branko,desktop,Chrome,male,19,1389,Austria
"Daly  Miss. Margaret Marcella ""Maggie""",mobile,Firefox,female,30,597,Co Athlone: Ireland New York: NY
Daly  Mr. Eugene Patrick,desktop,Chrome,male,29,835,Co Athlone: Ireland New York: NY
Danbom  Master. Gilbert Sigvard Emanuel,laptop,Opera,male,44,820,Stanton: IA
Danbom  Mr. Ernst Gilbert,tablet,Internet Explorer,male,34,1475,Stanton: IA
Danbom  Mrs. Ernst Gilbert (Anna Sigrid Maria Brogren),desktop,Chrome,female,28,265,Stanton: IA
Danoff  Mr. Yoto,laptop,Firefox,male,27,711,Bulgaria Chicago: IL
Dantcheff  Mr. Ristiu,tablet,Firefox,male,25,643,Bulgaria Chicago: IL
Davies  Mr. Alfred J,tablet,Chrome,male,24,713,West Bromwich: England Pontiac: MI
Davies  Mr. Evan,mobile,Firefox,male,22,411,-
Davies  Mr. John Samuel,mobile,Opera,male,21,1080,West Bromwich: England Pontiac: MI
Davies  Mr. Joseph,tablet,Firefox,male,44,1159,West Bromwich: England Pontiac: MI
Davison  Mr. Thomas Henry,desktop,Internet Explorer,male,44,485,Liverpool: England Bedford: OH
Davison  Mrs. Thomas Henry (Mary E Finck),tablet,Firefox,female,44,307,Liverpool: England Bedford: OH
de Messemaeker  Mr. Guillaume Joseph,desktop,Internet Explorer,male,44,1293,Tampico: MT
de Messemaeker  Mrs. Guillaume Joseph (Emma),mobile,Chrome,female,36,779,Tampico: MT
de Mulder  Mr. Theodore,tablet,Firefox,male,30,375,Belgium Detroit: MI
de Pelsmaeker  Mr. Alfons,mobile,Internet Explorer,male,16,385,-
Dean  Master. Bertram Vere,laptop,Firefox,male,44,1149,Devon: England Wichita: KS
"Dean  Miss. Elizabeth Gladys ""Millvina""",mobile,Firefox,female,44,799,Devon: England Wichita: KS
Dean  Mr. Bertram Frank,mobile,Firefox,male,26,933,Devon: England Wichita: KS
Dean  Mrs. Bertram (Eva Georgetta Light),laptop,Chrome,female,33,901,Devon: England Wichita: KS
Delalic  Mr. Redjo,mobile,Opera,male,25,1298,-
Demetri  Mr. Marinko,mobile,Opera,male,44,1130,-
Denkoff  Mr. Mitto,laptop,Firefox,male,44,531,Bulgaria Coon Rapids: IA
Dennis  Mr. Samuel,laptop,Chrome,male,22,448,-
Dennis  Mr. William,desktop,Firefox,male,36,1253,-
Devaney  Miss. Margaret Delia,desktop,Opera,female,44,615,Kilmacowen: Co Sligo: Ireland New York: NY
Dika  Mr. Mirko,desktop,Chrome,male,44,415,-
Dimic  Mr. Jovan,tablet,Opera,male,42,1138,-
Dintcheff  Mr. Valtcho,mobile,Chrome,male,43,1250,-
Doharr  Mr. Tannous,mobile,Internet Explorer,male,44,604,-
Dooley  Mr. Patrick,mobile,Internet Explorer,male,32,389,Ireland New York: NY
Dorking  Mr. Edward Arthur,desktop,Firefox,male,44,57,England Oglesby: IL
Dowdell  Miss. Elizabeth,laptop,Firefox,female,30,767,Union Hill: NJ
Doyle  Miss. Elizabeth,tablet,Firefox,female,24,741,Ireland New York: NY
Drapkin  Miss. Jennie,mobile,Firefox,female,23,942,London New York: NY
Drazenoic  Mr. Jozef,laptop,Firefox,male,33,1280,Austria Niagara Falls: NY
Duane  Mr. Frank,tablet,Internet Explorer,male,65,417,-
Duquemin  Mr. Joseph,tablet,Opera,male,24,35,England Albion: NY
Dyker  Mr. Adolf Fredrik,laptop,Chrome,male,23,261,West Haven: CT
Dyker  Mrs. Adolf Fredrik (Anna Elisabeth Judith Andersson),laptop,Firefox,female,22,866,West Haven: CT
Edvardsson  Mr. Gustaf Hjalmar,laptop,Firefox,male,18,885,Tofta: Sweden Joliet: IL
Eklund  Mr. Hans Linus,laptop,Chrome,male,16,1429,Karberg: Sweden Jerome Junction: AZ
Ekstrom  Mr. Johan,desktop,Chrome,male,45,971,Effington Rut: SD
Elias  Mr. Dibo,mobile,Opera,male,44,975,-
Elias  Mr. Joseph,mobile,Internet Explorer,male,39,739,Syria Ottawa: ON
Elias  Mr. Joseph Jr,mobile,Chrome,male,44,405,-
Elias  Mr. Tannous,laptop,Firefox,male,44,1251,Syria
Elsbury  Mr. William James,mobile,Firefox,male,47,1130,Illinois: USA
Emanuel  Miss. Virginia Ethel,laptop,Chrome,female,44,1090,New York: NY
Emir  Mr. Farred Chehab,mobile,Chrome,male,44,1262,-
Everett  Mr. Thomas James,tablet,Firefox,male,44,1169,-
Farrell  Mr. James,laptop,Firefox,male,44,1079,Aughnacliff: Co Longford: Ireland New York: NY
Finoli  Mr. Luigi,mobile,Chrome,male,44,558,Italy Philadelphia: PA
Fischer  Mr. Eberhard Thelander,laptop,Opera,male,18,1423,-
Fleming  Miss. Honora,tablet,Firefox,female,44,1113,-
Flynn  Mr. James,desktop,Chrome,male,44,686,-
Flynn  Mr. John,mobile,Internet Explorer,male,44,1185,-
Foley  Mr. Joseph,laptop,Internet Explorer,male,26,1477,Ireland Chicago: IL
Foley  Mr. William,mobile,Firefox,male,44,1160,Ireland
Foo  Mr. Choong,laptop,Firefox,male,44,1262,Hong Kong New York: NY
"Ford  Miss. Doolina Margaret ""Daisy""",laptop,Opera,female,21,860,Rotherfield: Sussex: England Essex Co: MA
"Ford  Miss. Robina Maggie ""Ruby""",desktop,Firefox,female,44,261,Rotherfield: Sussex: England Essex Co: MA
Ford  Mr. Arthur,desktop,Internet Explorer,male,44,711,Bridgwater: Somerset: England
Ford  Mr. Edward Watson,laptop,Chrome,male,18,999,Rotherfield: Sussex: England Essex Co: MA
Ford  Mr. William Neal,desktop,Firefox,male,16,1172,Rotherfield: Sussex: England Essex Co: MA
Ford  Mrs. Edward (Margaret Ann Watson),desktop,Internet Explorer,female,48,925,Rotherfield: Sussex: England Essex Co: MA
Fox  Mr. Patrick,mobile,Chrome,male,44,876,Ireland New York: NY
Franklin  Mr. Charles (Charles Fardon),tablet,Opera,male,44,543,-
Gallagher  Mr. Martin,desktop,Firefox,male,25,935,New York: NY
Garfirth  Mr. John,mobile,Chrome,male,44,1064,-
Gheorgheff  Mr. Stanio,laptop,Opera,male,44,1243,-
Gilinski  Mr. Eliezer,laptop,Opera,male,22,64,-
"Gilnagh  Miss. Katherine ""Katie""",desktop,Firefox,female,16,830,Co Longford: Ireland New York: NY
Glynn  Miss. Mary Agatha,laptop,Internet Explorer,female,44,1132,Co Clare: Ireland Washington: DC
"Goldsmith  Master. Frank John William ""Frankie""",desktop,Internet Explorer,male,44,979,Strood: Kent: England Detroit: MI
Goldsmith  Mr. Frank John,tablet,Chrome,male,33,1216,Strood: Kent: England Detroit: MI
Goldsmith  Mr. Nathan,laptop,Chrome,male,41,1060,Philadelphia: PA
Goldsmith  Mrs. Frank John (Emily Alice Brown),tablet,Chrome,female,31,653,Strood: Kent: England Detroit: MI
Goncalves  Mr. Manuel Estanslas,laptop,Opera,male,38,604,Portugal
Goodwin  Master. Harold Victor,mobile,Internet Explorer,male,44,873,Wiltshire: England Niagara Falls: NY
Goodwin  Master. Sidney Leonard,mobile,Firefox,male,44,398,Wiltshire: England Niagara Falls: NY
Goodwin  Master. William Frederick,desktop,Firefox,male,44,922,Wiltshire: England Niagara Falls: NY
Goodwin  Miss. Jessie Allis,mobile,Chrome,female,44,826,Wiltshire: England Niagara Falls: NY
Goodwin  Miss. Lillian Amy,tablet,Opera,female,16,1300,Wiltshire: England Niagara Falls: NY
Goodwin  Mr. Charles Edward,mobile,Internet Explorer,male,14,675,Wiltshire: England Niagara Falls: NY
Goodwin  Mr. Charles Frederick,desktop,Firefox,male,40,508,Wiltshire: England Niagara Falls: NY
Goodwin  Mrs. Frederick (Augusta Tyler),tablet,Opera,female,43,1066,Wiltshire: England Niagara Falls: NY
Green  Mr. George Henry,desktop,Chrome,male,51,458,Dorking: Surrey: England
Gronnestad  Mr. Daniel Danielsen,desktop,Opera,male,32,1287,Foresvik: Norway Portland: ND
Guest  Mr. Robert,laptop,Firefox,male,33,1219,-
Gustafsson  Mr. Alfred Ossian,desktop,Internet Explorer,male,20,86,Waukegan: Chicago: IL
Gustafsson  Mr. Anders Vilhelm,mobile,Firefox,male,37,164,Ruotsinphytaa: Finland New York: NY
Gustafsson  Mr. Johan Birger,mobile,Firefox,male,28,370,Ruotsinphytaa: Finland New York: NY
Gustafsson  Mr. Karl Gideon,mobile,Chrome,male,33,1497,Myren: Sweden New York: NY
Haas  Miss. Aloisia,mobile,Internet Explorer,female,24,488,-
Hagardon  Miss. Kate,desktop,Chrome,female,33,796,-
Hagland  Mr. Ingvald Olai Olsen,tablet,Opera,male,33,908,-
Hagland  Mr. Konrad Mathias Reiersen,tablet,Firefox,male,33,457,-
Hakkarainen  Mr. Pekka Pietari,laptop,Opera,male,28,814,-
Hakkarainen  Mrs. Pekka Pietari (Elin Matilda Dolck),tablet,Chrome,female,24,1337,-
Hampe  Mr. Leon,tablet,Chrome,male,20,269,-
Hanna  Mr. Mansour,mobile,Chrome,male,33,1273,-
Hansen  Mr. Claus Peter,tablet,Chrome,male,41,131,-
Hansen  Mr. Henrik Juul,laptop,Firefox,male,26,532,-
Hansen  Mr. Henry Damsgaard,laptop,Opera,male,21,759,-
Hansen  Mrs. Claus Peter (Jennie L Howard),mobile,Chrome,female,45,64,-
Harknett  Miss. Alice Phoebe,laptop,Chrome,female,33,705,-
Harmer  Mr. Abraham (David Lishin),desktop,Opera,male,25,521,-
Hart  Mr. Henry,desktop,Firefox,male,33,569,-
Hassan  Mr. Houssein G N,tablet,Opera,male,33,730,-
"Healy  Miss. Hanora ""Nora""",laptop,Internet Explorer,female,33,861,-
Hedman  Mr. Oskar Arvid,laptop,Chrome,male,27,526,-
Hee  Mr. Ling,mobile,Chrome,male,33,1328,-
"Hegarty  Miss. Hanora ""Nora""",mobile,Firefox,female,33,1324,-
Heikkinen  Miss. Laina,tablet,Internet Explorer,female,26,192,-
Heininen  Miss. Wendla Maria,mobile,Chrome,female,23,777,-
Hellstrom  Miss. Hilda Maria,tablet,Internet Explorer,female,22,619,-
Hendekovic  Mr. Ignjac,tablet,Firefox,male,28,1425,-
Henriksson  Miss. Jenny Lovisa,desktop,Opera,female,28,909,-
Henry  Miss. Delia,desktop,Firefox,female,33,1127,-
Hirvonen  Miss. Hildur E,laptop,Opera,female,33,877,-
Hirvonen  Mrs. Alexander (Helga E Lindqvist),tablet,Opera,female,22,1472,-
Holm  Mr. John Fredrik Alexander,laptop,Chrome,male,43,830,-
Holthen  Mr. Johan Martin,tablet,Chrome,male,28,244,-
Honkanen  Miss. Eliina,desktop,Chrome,female,27,618,-
Horgan  Mr. John,tablet,Opera,male,33,114,-
Howard  Miss. May Elizabeth,mobile,Internet Explorer,female,33,1158,-
Humblen  Mr. Adolf Mathias Nicolai Olsen,desktop,Chrome,male,42,337,-
Hyman  Mr. Abraham,desktop,Firefox,male,33,1326,-
Ibrahim Shawah  Mr. Yousseff,desktop,Firefox,male,30,942,-
Ilieff  Mr. Ylio,desktop,Firefox,male,33,106,-
Ilmakangas  Miss. Ida Livija,tablet,Chrome,female,27,1459,-
Ilmakangas  Miss. Pieta Sofia,laptop,Internet Explorer,female,25,513,-
Ivanoff  Mr. Kanio,desktop,Opera,male,33,273,-
Jalsevac  Mr. Ivan,laptop,Opera,male,29,791,-
Jansson  Mr. Carl Olof,desktop,Opera,male,21,254,-
Jardin  Mr. Jose Neto,tablet,Opera,male,33,918,-
Jensen  Mr. Hans Peder,desktop,Opera,male,20,1402,-
Jensen  Mr. Niels Peder,tablet,Firefox,male,48,747,-
Jensen  Mr. Svend Lauritz,tablet,Internet Explorer,male,17,950,-
Jermyn  Miss. Annie,desktop,Opera,female,33,1068,-
Johannesen-Bratthammer  Mr. Bernt,desktop,Chrome,male,33,438,-
Johanson  Mr. Jakob Alfred,laptop,Chrome,male,34,642,-
Johansson Palmquist  Mr. Oskar Leander,laptop,Internet Explorer,male,26,766,-
Johansson  Mr. Erik,desktop,Internet Explorer,male,22,1471,-
Johansson  Mr. Gustaf Joel,laptop,Chrome,male,33,1218,-
Johansson  Mr. Karl Johan,mobile,Firefox,male,31,542,-
Johansson  Mr. Nils,laptop,Firefox,male,29,244,-
Johnson  Master. Harold Theodor,desktop,Opera,male,33,133,-
Johnson  Miss. Eleanor Ileen,tablet,Chrome,female,33,1133,-
Johnson  Mr. Alfred,desktop,Internet Explorer,male,49,435,-
Johnson  Mr. Malkolm Joackim,desktop,Chrome,male,33,411,-
Johnson  Mr. William Cahoone Jr,desktop,Chrome,male,19,1458,-
Johnson  Mrs. Oscar W (Elisabeth Vilhelmina Berg),desktop,Internet Explorer,female,27,321,-
"Johnston  Master. William Arthur ""Willie""",desktop,Chrome,male,33,840,-
"Johnston  Miss. Catherine Helen ""Carrie""",tablet,Firefox,female,33,1450,-
Johnston  Mr. Andrew G,tablet,Internet Explorer,male,33,762,-
"Johnston  Mrs. Andrew G (Elizabeth ""Lily"" Watson)",laptop,Firefox,female,33,119,-
Jonkoff  Mr. Lalio,desktop,Opera,male,23,1454,-
Jonsson  Mr. Carl,desktop,Firefox,male,32,1136,-
Jonsson  Mr. Nils Hilding,laptop,Firefox,male,27,515,-
Jussila  Miss. Katriina,laptop,Chrome,female,20,299,-
Jussila  Miss. Mari Aina,tablet,Chrome,female,21,1093,-
Jussila  Mr. Eiriik,desktop,Firefox,male,32,280,-
Kallio  Mr. Nikolai Erland,tablet,Opera,male,17,1273,-
Kalvik  Mr. Johannes Halvorsen,mobile,Opera,male,21,1136,-
Karaic  Mr. Milan,desktop,Opera,male,30,465,-
Karlsson  Mr. Einar Gervasius,desktop,Internet Explorer,male,21,275,-
Karlsson  Mr. Julius Konrad Eugen,laptop,Opera,male,33,798,-
